,Atm_idx_1,Residue_1,PDB_name_1,NOE_name_1,Atm_idx_2,Residue_2,PDB_name_2,NOE_name_2,Dist_[A]
0,89,3,HA,HA,117,6,HG,HG,4.63
1,81,2,HCN1,HCN@,136,8,HD11,HD1@,4.5600000000000005
2,88,3,HN,HN,117,6,HG,HG,4.28
3,90,3,HB1,HB1,113,6,HN,HN,4.75
4,73,1,HB2,HB2,136,8,HD11,HD1@,4.25
5,72,1,HB1,HB1,136,8,HD11,HD1@,4.46
6,90,3,HB1,HB1,118,6,HD11,HD1@,4.370000000000001
7,104,4,HD1,HD1,121,6,HD21,HD2@,5.7700000000000005
8,133,8,HB1,HB1,149,10,HCN1,HCN@,5.470000000000001
9,90,3,HB1,HB1,106,5,HCN1,HCN@,5.5
10,71,1,HA,HA,81,2,HCN1,HCN@,4.65
11,114,6,HA,HA,124,7,HCN1,HCN@,4.87
12,142,9,HA,HA,149,10,HCN1,HCN@,3.8
13,99,4,HA,HA,106,5,HCN1,HCN@,4.11
14,124,7,HCN1,HCN@,136,8,HD11,HD1@,4.8
15,128,7,HB1,HB@,124,7,HCN1,HCN@,3.21
16,153,10,HB1,HB@,149,10,HCN1,HCN@,3.4399999999999995
17,110,5,HB1,HB@,106,5,HCN1,HCN@,3.75
18,115,6,HB1,HB@,124,7,HCN1,HCN@,4.050000000000001
19,132,8,HA,HA,147,9,HD1,HD1,4.26
20,89,3,HA,HA,105,4,HD2,HD2,4.51
21,132,8,HA,HA,148,9,HD2,HD2,4.26
22,89,3,HA,HA,104,4,HD1,HD1,4.89
23,90,3,HB1,HB1,88,3,HN,HN,4.0600000000000005
24,110,5,HB1,HB@,121,6,HD21,HD2@,5.17
25,101,4,HB2,HB2,109,5,HA,HA,5.0600000000000005
26,105,4,HD2,HD2,102,4,HG1,HG@,4.71
