,Atm_idx_1,Residue_1,PDB_name_1,NOE_name_1,Atm_idx_2,Residue_2,PDB_name_2,NOE_name_2,Dist_[A]
0,87,1,HA,HA,138,6,HA,HA,4.24
1,87,1,HA,HA,148,7,HN,HN,4.210000000000001
2,101,2,HN,HN,126,5,HN,HN,4.379999999999999
3,153,8,HN,HN,184,11,HN,HN,5.329999999999999
4,101,2,HN,HN,128,5,HB,HB,5.5200000000000005
5,87,1,HA,HA,142,6,HD11,HD,5.920000000000001
6,103,2,HB1,HB,128,5,HB,HB,5.09
7,139,6,HB1,HB,153,8,HN,HN,4.62
8,89,1,HOG1,HG1,108,3,HCN1,HCN,5.05
9,142,6,HD11,HD,154,8,HA,HA,3.5200000000000005
10,148,7,HN,HN,153,8,HN,HN,3.8600000000000003
11,138,6,HA,HA,148,7,HN,HN,3.61
12,174,10,HA,HA,171,10,HCN1,HCN,4.04
13,84,1,HCN1,HCN,102,2,HA,HA,4.720000000000001
14,113,4,HCN1,HCN,126,5,HN,HN,3.1
15,111,3,HA1,HA,108,3,HCN1,HCN,3.84
16,87,1,HA,HA,105,2,HG1,HG,4.7299999999999995
17,154,8,HA,HA,164,9,HG,HG,3.61
18,158,9,HCN1,HCN,164,9,HG,HG,4.8
19,128,5,HB,HB,126,5,HN,HN,4.04
20,128,5,HB,HB,135,6,HCN1,HCN,3.69
21,150,7,HB1,HB,153,8,HN,HN,4.67
22,139,6,HB1,HB,148,7,HN,HN,4.760000000000001
23,88,1,HB,HB,101,2,HN,HN,4.51
24,171,10,HCN1,HCN,177,10,HG,HG,6.0
25,87,1,HA,HA,90,1,HG2,HG2,4.13
26,84,1,HCN1,HCN,90,1,HG2,HG2,4.11
27,117,4,HB1,HB,113,4,HCN1,HCN,3.4200000000000004
28,162,9,HB1,HB,158,9,HCN1,HCN,3.5100000000000002
29,155,8,HB1,HB,158,9,HCN1,HCN,3.8299999999999996
30,155,8,HB1,HB,153,8,HN,HN,3.55
31,139,6,HB1,HB,135,6,HCN1,HCN,3.8299999999999996
32,87,1,HA,HA,91,1,HD11,HD1,4.28
33,84,1,HCN1,HCN,186,11,HB,HB,5.01
34,175,10,HB1,HB,171,10,HCN1,HCN,3.7799999999999994
35,164,9,HG,HG,171,10,HCN1,HCN,6.0
36,162,9,HB1,HB,171,10,HCN1,HCN,5.81
37,187,11,HG11,HG,184,11,HN,HN,3.9899999999999998
38,129,5,HG11,HG1,126,5,HN,HN,5.09
39,130,5,HG12,HG2,126,5,HN,HN,4.36
40,161,9,HA,HA,175,10,HB1,HB,4.2
41,113,4,HCN1,HCN,128,5,HB,HB,4.47
42,185,11,HA,HA,187,11,HG11,HG,3.7
43,178,10,HD11,HD,184,11,HN,HN,4.4
44,174,10,HA,HA,178,10,HD11,HD,3.9799999999999995
45,92,1,HD12,HD2,89,1,HOG1,HG1,4.33
46,91,1,HD11,HD1,89,1,HOG1,HG1,4.8100000000000005
47,88,1,HB,HB,91,1,HD11,HD1,3.8600000000000003
48,96,1,HE,HE,98,1,HH1,HH,3.5600000000000005
49,117,4,HB1,HB,120,4,HD11,HD,3.3600000000000003
50,175,10,HB1,HB,178,10,HD11,HD,2.2800000000000002
51,117,4,HB1,HB,129,5,HG11,HG,4.67
52,89,1,HOG1,HG1,98,1,HH1,HH,4.760000000000001
53,91,1,HD11,HD1,97,1,HZ,HZ,4.370000000000001
