,Atm_idx_1,Residue_1,PDB_name_1,NOE_name_1,Atm_idx_2,Residue_2,PDB_name_2,NOE_name_2,Dist_[A]
0,87,1,HA,HA,138,6,HA,HA,4.24
1,87,1,HA,HA,148,7,HN,HN,4.210000000000001
2,101,2,HN,HN,126,5,HN,HN,4.379999999999999
3,153,8,HN,HN,184,11,HN,HN,5.329999999999999
4,101,2,HN,HN,128,5,HB,HB,5.5200000000000005
5,87,1,HA,HA,142,6,HD11,HD,5.920000000000001
6,103,2,HB1,HB,128,5,HB,HB,5.09
7,139,6,HB1,HB,153,8,HN,HN,4.62
8,142,6,HD11,HD,154,8,HA,HA,3.5200000000000005
9,148,7,HN,HN,153,8,HN,HN,3.8600000000000003
10,138,6,HA,HA,148,7,HN,HN,3.61
11,87,1,HA,HA,105,2,HG1,HG,4.7299999999999995
12,154,8,HA,HA,164,9,HG,HG,3.61
13,128,5,HB,HB,126,5,HN,HN,4.04
14,150,7,HB1,HB,153,8,HN,HN,4.67
15,139,6,HB1,HB,148,7,HN,HN,4.760000000000001
16,88,1,HB,HB,101,2,HN,HN,4.51
17,87,1,HA,HA,90,1,HG2,HG2,4.13
18,155,8,HB1,HB,153,8,HN,HN,3.55
19,87,1,HA,HA,91,1,HD11,HD1,4.28
20,187,11,HG11,HG,184,11,HN,HN,3.9899999999999998
21,129,5,HG11,HG1,126,5,HN,HN,5.09
22,130,5,HG12,HG2,126,5,HN,HN,4.36
23,161,9,HA,HA,175,10,HB1,HB,4.2
24,185,11,HA,HA,187,11,HG11,HG,3.7
25,178,10,HD11,HD,184,11,HN,HN,4.4
26,174,10,HA,HA,178,10,HD11,HD,3.9799999999999995
27,92,1,HD12,HD2,89,1,HOG1,HG1,4.33
28,91,1,HD11,HD1,89,1,HOG1,HG1,4.8100000000000005
29,88,1,HB,HB,91,1,HD11,HD1,3.8600000000000003
30,96,1,HE,HE,98,1,HH1,HH,3.5600000000000005
31,117,4,HB1,HB,120,4,HD11,HD,3.3600000000000003
32,175,10,HB1,HB,178,10,HD11,HD,2.2800000000000002
33,89,1,HOG1,HG1,98,1,HH1,HH,4.760000000000001
34,91,1,HD11,HD1,97,1,HZ,HZ,4.370000000000001
